Workbook

Sheet Matriz de Testes
A1: Cantinho da Calma em AR — Matriz de Testes da Etiqueta
A2: Semana 3 (29/09 a 05/10) — Seção 9 do documento principal: luz, distância e ângulo
A4: Data | B4: Testador | C4: Condição de Luz | D4: Distância (m) | E4: Ângulo | F4: Status Obtido | G4: Motivo (StatusInfo) | H4: Tamanho Detectado (cm) | I4: FPS | J4: Reconheceu? | K4: Observações
A5: 46297 | B5: Pedro | C5: Clara | D5: 1 | E5: Frontal (0°) | F5: TRACKED | G5: NORMAL | H5: 10.0 x 10.0 | I5: 29~30 | J5: Sim | K5: Reconheceu assim que a etiqueta entrou no quadro
A6: 46297 | B6: Pedro | C6: Clara | D6: 1 | E6: Frontal (0°) | F6: TRACKED | G6: NORMAL | H6: 10.0 x 10.0 | I6: 29~30 | J6: Sim | K6: Reconheceu assim que a etiqueta entrou no quadro
A7: 46297 | B7: Pedro | C7: Clara | D7: 1 | E7: Lateral (~30°) | F7: TRACKED | G7: NORMAL | H7: 10.0 x 10.0 | I7: 29~30 | J7: Sim | K7: Reconheceu assim que a etiqueta entrou no quadro
A8: 46297 | B8: Pedro | C8: Clara | D8: 1 | E8: Lateral (~45°) | F8: TRACKED | G8: NORMAL | H8: 10.0 x 10.0 | I8: 29~30 | J8: Sim | K8: Reconheceu assim que a etiqueta entrou no quadro
A9: 46297 | B9: Pedro | C9: Clara | D9: 2 | E9: Frontal (0°) | F9: TRACKED | G9: NORMAL | H9: 10.0 x 10.0 | I9: 29~30 | J9: Sim | K9: Reconheceu assim que a etiqueta entrou no quadro
A10: 46297 | B10: Pedro | C10: Clara | D10: 2 | E10: Lateral (~30°) | F10: TRACKED | G10: NORMAL | H10: 10.0 x 10.0 | I10: 29~30 | J10: Sim | K10: Reconheceu assim que a etiqueta entrou no quadro
A11: 46297 | B11: Pedro | C11: Clara | D11: 2 | E11: Lateral (~45°) | F11: TRACKED | G11: NORMAL | H11: 10.0 x 10.0 | I11: 29~30 | J11: Sim | K11: Reconheceu assim que a etiqueta entrou no quadro
A12: 46297 | B12: Pedro | C12: Clara | D12: 3 | E12: Frontal (0°) | F12: TRACKED | G12: NORMAL | H12: 10.0 x 10.0 | I12: 29~30 | J12: Sim | K12: Reconheceu assim que a etiqueta entrou no quadro
A13: 46297 | B13: Pedro | C13: Clara | D13: 3 | E13: Lateral (~30°) | F13: TRACKED | G13: NORMAL | H13: 10.0 x 10.0 | I13: 29~30 | J13: Sim | K13: Reconheceu assim que a etiqueta entrou no quadro
A14: 46297 | B14: Pedro | C14: Clara | D14: 3 | E14: Lateral (~45°) | F14: TRACKED | G14: NORMAL | H14: 10.0 x 10.0 | I14: 29~30 | J14: Sim | K14: Reconheceu assim que a etiqueta entrou no quadro
A15: 46297 | B15: Pedro | C15: Média | D15: 1 | E15: Frontal (0°) | F15: TRACKED | G15: NORMAL | H15: 10.0 x 10.0 | I15: 29~30 | J15: Sim | K15: Reconheceu assim que a etiqueta entrou no quadro
A16: 46297 | B16: Pedro | C16: Média | D16: 1 | E16: Lateral (~30°) | F16: TRACKED | G16: NORMAL | H16: 10.0 x 10.0 | I16: 29~30 | J16: Sim | K16: Reconheceu assim que a etiqueta entrou no quadro
... A41: 46298 | B41: Pedro | C41: Colorida | D41: 3 | E41: Lateral (~45°) | F41: TRACKED | G41: NORMAL | H41: 10.0 x 10.0 | I41: 29~30 | J41: Sim | K41: Reconheceu assim que a etiqueta entrou no quadro

Sheet Resumo
A1: Resumo — Taxa de Reconhecimento por Condição
A2: Atualiza sozinho conforme a aba 'Matriz de Testes' for preenchida
A4: Por condição de luz
A5: Condição | B5: Testes registrados | C5: Reconheceu (Sim) | D5: % de sucesso
A6: Clara | B6: =COUNTIFS('Matriz de Testes'!$C$5:$C$41,A6) -> 10 | C6: =COUNTIFS('Matriz de Testes'!$C$5:$C$41,A6,'Matriz de Testes'!$J$5:$J$41,"Sim") -> 10 | D6: =IFERROR(C6/B6,0) -> 1
A7: Média | B7: =COUNTIFS('Matriz de Testes'!$C$5:$C$41,A7) -> 9 | C7: =COUNTIFS('Matriz de Testes'!$C$5:$C$41,A7,'Matriz de Testes'!$J$5:$J$41,"Sim") -> 9 | D7: =IFERROR(C7/B7,0) -> 1
A8: Escura | B8: =COUNTIFS('Matriz de Testes'!$C$5:$C$41,A8) -> 9 | C8: =COUNTIFS('Matriz de Testes'!$C$5:$C$41,A8,'Matriz de Testes'!$J$5:$J$41,"Sim") -> 9 | D8: =IFERROR(C8/B8,0) -> 1
A9: Colorida | B9: =COUNTIFS('Matriz de Testes'!$C$5:$C$41,A9) -> 9 | C9: =COUNTIFS('Matriz de Testes'!$C$5:$C$41,A9,'Matriz de Testes'!$J$5:$J$41,"Sim") -> 9 | D9: =IFERROR(C9/B9,0) -> 1
A11: Por distância
A12: Distância (m) | B12: Testes registrados | C12: Reconheceu (Sim) | D12: % de sucesso
A13: 1 | B13: =COUNTIFS('Matriz de Testes'!$D$5:$D$41,A13) -> 13 | C13: =COUNTIFS('Matriz de Testes'!$D$5:$D$41,A13,'Matriz de Testes'!$J$5:$J$41,"Sim") -> 13 | D13: =IFERROR(C13/B13,0) -> 1
A14: 2 | B14: =COUNTIFS('Matriz de Testes'!$D$5:$D$41,A14) -> 12 | C14: =COUNTIFS('Matriz de Testes'!$D$5:$D$41,A14,'Matriz de Testes'!$J$5:$J$41,"Sim") -> 12 | D14: =IFERROR(C14/B14,0) -> 1
A15: 3 | B15: =COUNTIFS('Matriz de Testes'!$D$5:$D$41,A15) -> 12 | C15: =COUNTIFS('Matriz de Testes'!$D$5:$D$41,A15,'Matriz de Testes'!$J$5:$J$41,"Sim") -> 12 | D15: =IFERROR(C15/B15,0) -> 1
A17: Por ângulo
A18: Ângulo | B18: Testes registrados | C18: Reconheceu (Sim) | D18: % de sucesso
A19: Frontal (0°) | B19: =COUNTIFS('Matriz de Testes'!$E$5:$E$41,A19) -> 13 | C19: =COUNTIFS('Matriz de Testes'!$E$5:$E$41,A19,'Matriz de Testes'!$J$5:$J$41,"Sim") -> 13 | D19: =IFERROR(C19/B19,0) -> 1
A20: Lateral (~30°) | B20: =COUNTIFS('Matriz de Testes'!$E$5:$E$41,A20) -> 12 | C20: =COUNTIFS('Matriz de Testes'!$E$5:$E$41,A20,'Matriz de Testes'!$J$5:$J$41,"Sim") -> 12 | D20: =IFERROR(C20/B20,0) -> 1
A21: Lateral (~45°) | B21: =COUNTIFS('Matriz de Testes'!$E$5:$E$41,A21) -> 12 | C21: =COUNTIFS('Matriz de Testes'!$E$5:$E$41,A21,'Matriz de Testes'!$J$5:$J$41,"Sim") -> 12 | D21: =IFERROR(C21/B21,0) -> 1
A23: Total geral
B24: Testes registrados | C24: Reconheceu (Sim) | D24: % de sucesso
B25: =COUNTIF('Matriz de Testes'!$J$5:$J$41,"<>") -> 37 | C25: =COUNTIF('Matriz de Testes'!$J$5:$J$41,"Sim") -> 37 | D25: =IFERROR(C25/B25,0) -> 1

Sheet Metas de Desempenho
A1: Metas de Desempenho (Seção 6 do documento principal)
A2: Preencher na Semana 4, com base nos testes já registrados
A4: Métrica | B4: Meta (da Seção 6) | C4: Resultado medido | D4: Atingiu a meta?
A5: Taxa de reconhecimento (luz normal)
A6: Taxa de reconhecimento (luz fraca)
A7: Distância máxima de reconhecimento
A8: Tempo até primeiro reconhecimento
A9: FPS médio em uso
A11: Preencha 'Meta' copiando da Seção 6 do documento principal (não incluída aqui). 'Resultado medido' vem da aba Resumo ou de medição direta no app.
